[
    {
        "model": "main.problem",
        "pk": 1,
        "fields": {
            "author": 1,
            "title": "Two Sum",
            "type": "Algorithm",
            "subtitle": "Given an array of integers nums and an integer target, return indices of the two numbers such that they add up to target.",
            "description": "Example 1:\n\nInput: nums = [2,7,11,15], target = 9\nOutput: [0,1]\nExplanation: Because nums[0] + nums[1] == 9, we return [0, 1].\nExample 2:\n\nInput: nums = [3,2,4], target = 6\nOutput: [1,2]\nExample 3:\n\nInput: nums = [3,3], target = 6\nOutput: [0,1]\n \n\nConstraints:\n\n2 <= nums.length <= 104\n-109 <= nums[i] <= 109\n-109 <= target <= 109\nOnly one valid answer exists.\n \n\nFollow-up: Can you come up with an algorithm that is less than O(n2) time complexity?",
            "difficulty": "Easy",
            "fst_line": "def twoSum(nums, target):"
        }
    },
    {
        "model": "main.problem",
        "pk": 2,
        "fields": {
            "author": 1,
            "title": "Longest Common Prefix",
            "type": "Algorithm",
            "subtitle": "Write a function to find the longest common prefix string amongst an array of strings.  If there is no common prefix, return an empty string \"\".",
            "description": "Example 1:\n\nInput: strs = [\"flower\",\"flow\",\"flight\"]\nOutput: \"fl\"\nExample 2:\n\nInput: strs = [\"dog\",\"racecar\",\"car\"]\nOutput: \"\"\nExplanation: There is no common prefix among the input strings.\n \n\nConstraints:\n\n1 <= strs.length <= 200\n0 <= strs[i].length <= 200\nstrs[i] consists of only lowercase English letters.",
            "difficulty": "Easy",
            "fst_line": "def longestCommonPrefix(strs) -> str:"
        }
    },
    {
        "model": "main.problem",
        "pk": 3,
        "fields": {
            "author": 1,
            "title": "Number square",
            "type": "Algorithm",
            "subtitle": "You are given a Number. You need to return this number in square",
            "description": "Example 1:\r\nInput: number = 4\r\nOutput: 16\r\n\r\nExample 2:\r\nInput: number = 12\r\nOutput: 144 \r\n\r\nExample 3:\r\nInput: number = 13\r\nOutput: 169\r\n\r\nConstraints:\r\n-1000 <= number.length <= 1000\r\ns consists of English letters (lower-case and upper-case), digits (0-9), ' ', '+', '-', and '.'",
            "difficulty": "Easy",
            "fst_line": "def square(number: int) -> int:"
        }
    },
    {
        "model": "main.testcase",
        "pk": 1,
        "fields": {
            "problem": 1,
            "input_data": "[1,2,3,4,7];9",
            "expected_output": "[1,4]"
        }
    },
    {
        "model": "main.testcase",
        "pk": 2,
        "fields": {
            "problem": 1,
            "input_data": "[3,2,4];6",
            "expected_output": "[1,2]"
        }
    },
    {
        "model": "main.testcase",
        "pk": 3,
        "fields": {
            "problem": 1,
            "input_data": "[3,3];6",
            "expected_output": "[0,1]"
        }
    },
    {
        "model": "main.testcase",
        "pk": 4,
        "fields": {
            "problem": 1,
            "input_data": "[2,7,11,15];9",
            "expected_output": "[0,1]"
        }
    },
    {
        "model": "main.testcase",
        "pk": 5,
        "fields": {
            "problem": 1,
            "input_data": "[20,1,3,5,6,8,2];21",
            "expected_output": "[0,1]"
        }
    },
    {
        "model": "main.testcase",
        "pk": 6,
        "fields": {
            "problem": 2,
            "input_data": "[\"flower\",\"flow\",\"flight\"]",
            "expected_output": "fl"
        }
    },
    {
        "model": "main.testcase",
        "pk": 10,
        "fields": {
            "problem": 2,
            "input_data": "['dog','racecar','car']",
            "expected_output": ""
        }
    },
    {
        "model": "main.testcase",
        "pk": 11,
        "fields": {
            "problem": 2,
            "input_data": "[\"human\", \"humain\", \"humice\"]",
            "expected_output": "hum"
        }
    },
    {
        "model": "main.testcase",
        "pk": 12,
        "fields": {
            "problem": 3,
            "input_data": "4",
            "expected_output": "16"
        }
    },
    {
        "model": "main.testcase",
        "pk": 13,
        "fields": {
            "problem": 3,
            "input_data": "12",
            "expected_output": "144"
        }
    },
    {
        "model": "main.testcase",
        "pk": 14,
        "fields": {
            "problem": 3,
            "input_data": "13",
            "expected_output": "169"
        }
    },
    {
        "model": "main.testcase",
        "pk": 15,
        "fields": {
            "problem": 3,
            "input_data": "370",
            "expected_output": "136900"
        }
    },
    {
        "model": "main.testcase",
        "pk": 16,
        "fields": {
            "problem": 3,
            "input_data": "-149",
            "expected_output": "22201"
        }
    },
    {
        "model": "main.testcase",
        "pk": 17,
        "fields": {
            "problem": 3,
            "input_data": "53",
            "expected_output": "2809"
        }
    },
    {
        "model": "main.testcase",
        "pk": 18,
        "fields": {
            "problem": 3,
            "input_data": "-235",
            "expected_output": "55225"
        }
    },
    {
        "model": "main.testcase",
        "pk": 19,
        "fields": {
            "problem": 3,
            "input_data": "124",
            "expected_output": "15376"
        }
    },
    {
        "model": "main.testcase",
        "pk": 20,
        "fields": {
            "problem": 3,
            "input_data": "-581",
            "expected_output": "337561"
        }
    },
    {
        "model": "main.testcase",
        "pk": 21,
        "fields": {
            "problem": 3,
            "input_data": "-791",
            "expected_output": "625681"
        }
    },
    {
        "model": "main.testcase",
        "pk": 22,
        "fields": {
            "problem": 3,
            "input_data": "995",
            "expected_output": "990025"
        }
    },
    {
        "model": "main.testcase",
        "pk": 23,
        "fields": {
            "problem": 3,
            "input_data": "-536",
            "expected_output": "287296"
        }
    },
    {
        "model": "main.testcase",
        "pk": 24,
        "fields": {
            "problem": 3,
            "input_data": "31",
            "expected_output": "961"
        }
    },
    {
        "model": "main.testcase",
        "pk": 25,
        "fields": {
            "problem": 3,
            "input_data": "209",
            "expected_output": "43681"
        }
    },
    {
        "model": "main.solutionresult",
        "pk": 1,
        "fields": {
            "problem": 1,
            "user": 1,
            "lead_time": 31,
            "memory_used": "20.04",
            "user_code": "def solution(nums, target):\n    dic = {}\n    for i, num in enumerate(nums):\n        need = target - num\n        if need in dic:\n            return [dic[need], i]\n        dic[num] = i",
            "passed": true,
            "executed_at": "2024-07-17T12:11:08.475Z"
        }
    },
    {
        "model": "main.solutionresult",
        "pk": 2,
        "fields": {
            "problem": 2,
            "user": 1,
            "lead_time": 36,
            "memory_used": "20.04",
            "user_code": "def longestCommonPrefix(strs) -> str:\n    if not strs[0]:\n        return \"\"\n    prefix, res, index, length = \"\", \"\", 0, len(strs)\n    while index < length + 2:\n        for l in strs:\n            try:\n                prefix += l[index]\n            except Exception:\n                return res\n        if prefix != prefix[0]*length and index == 0:\n            return \"\"\n        elif prefix != prefix[0]*length and index != 0:\n            break\n        else:\n            res += prefix[0]\n            index += 1\n        prefix = \"\"\n    return res",
            "passed": true,
            "executed_at": "2024-07-17T13:13:56.604Z"
        }
    },
    {
        "model": "main.solutionresult",
        "pk": 3,
        "fields": {
            "problem": 3,
            "user": 1,
            "lead_time": 115,
            "memory_used": "20.04",
            "user_code": "def solution(num):\n    return num*num",
            "passed": true,
            "executed_at": "2024-07-17T16:54:19.878Z"
        }
    },
    {
        "model": "main.rate",
        "pk": 1,
        "fields": {
            "problem": 2,
            "user": 1,
            "rate_type": "like"
        }
    },
    {
        "model": "auth_.user",
        "pk": 1,
        "fields": {
            "password": "pbkdf2_sha256$720000$cyJFuRY6zmNdnS8STqZ34w$dFsU6TE+3hbQ4g5c7hybTJNrtRI/5R+YAGEEC7UD8ak=",
            "last_login": "2024-07-17T11:50:45.568Z",
            "is_superuser": true,
            "username": "wicki",
            "first_name": "",
            "last_name": "",
            "email": "",
            "is_staff": true,
            "is_active": true,
            "date_joined": "2024-07-17T11:50:19.733Z",
            "groups": [],
            "user_permissions": []
        }
    },
    {
        "model": "auth_.user",
        "pk": 2,
        "fields": {
            "password": "qwertyuiop2014",
            "last_login": null,
            "is_superuser": false,
            "username": "test0",
            "first_name": "",
            "last_name": "",
            "email": "test0@mail.ru",
            "is_staff": false,
            "is_active": true,
            "date_joined": "2024-07-17T12:19:42.865Z",
            "groups": [],
            "user_permissions": []
        }
    },
    {
        "model": "auth_.user",
        "pk": 3,
        "fields": {
            "password": "qwertyuiop2014",
            "last_login": null,
            "is_superuser": false,
            "username": "test1",
            "first_name": "",
            "last_name": "",
            "email": "test1@mail.ru",
            "is_staff": false,
            "is_active": true,
            "date_joined": "2024-07-17T12:19:43.470Z",
            "groups": [],
            "user_permissions": []
        }
    },
    {
        "model": "auth_.user",
        "pk": 4,
        "fields": {
            "password": "qwertyuiop2014",
            "last_login": null,
            "is_superuser": false,
            "username": "test2",
            "first_name": "",
            "last_name": "",
            "email": "test2@mail.ru",
            "is_staff": false,
            "is_active": true,
            "date_joined": "2024-07-17T12:19:43.999Z",
            "groups": [],
            "user_permissions": []
        }
    },
    {
        "model": "auth_.user",
        "pk": 5,
        "fields": {
            "password": "qwertyuiop2014",
            "last_login": null,
            "is_superuser": false,
            "username": "test3",
            "first_name": "",
            "last_name": "",
            "email": "test3@mail.ru",
            "is_staff": false,
            "is_active": true,
            "date_joined": "2024-07-17T12:19:44.549Z",
            "groups": [],
            "user_permissions": []
        }
    },
    {
        "model": "auth_.user",
        "pk": 6,
        "fields": {
            "password": "qwertyuiop2014",
            "last_login": null,
            "is_superuser": false,
            "username": "test4",
            "first_name": "",
            "last_name": "",
            "email": "test4@mail.ru",
            "is_staff": false,
            "is_active": true,
            "date_joined": "2024-07-17T12:19:45.134Z",
            "groups": [],
            "user_permissions": []
        }
    },
    {
        "model": "auth_.user",
        "pk": 7,
        "fields": {
            "password": "qwertyuiop2014",
            "last_login": null,
            "is_superuser": false,
            "username": "test5",
            "first_name": "",
            "last_name": "",
            "email": "test5@mail.ru",
            "is_staff": false,
            "is_active": true,
            "date_joined": "2024-07-17T12:19:45.689Z",
            "groups": [],
            "user_permissions": []
        }
    },
    {
        "model": "auth_.user",
        "pk": 8,
        "fields": {
            "password": "qwertyuiop2014",
            "last_login": null,
            "is_superuser": false,
            "username": "test6",
            "first_name": "",
            "last_name": "",
            "email": "test6@mail.ru",
            "is_staff": false,
            "is_active": true,
            "date_joined": "2024-07-17T12:19:46.242Z",
            "groups": [],
            "user_permissions": []
        }
    },
    {
        "model": "auth_.user",
        "pk": 9,
        "fields": {
            "password": "qwertyuiop2014",
            "last_login": null,
            "is_superuser": false,
            "username": "test7",
            "first_name": "",
            "last_name": "",
            "email": "test7@mail.ru",
            "is_staff": false,
            "is_active": true,
            "date_joined": "2024-07-17T12:19:46.781Z",
            "groups": [],
            "user_permissions": []
        }
    },
    {
        "model": "auth_.user",
        "pk": 10,
        "fields": {
            "password": "qwertyuiop2014",
            "last_login": null,
            "is_superuser": false,
            "username": "test8",
            "first_name": "",
            "last_name": "",
            "email": "test8@mail.ru",
            "is_staff": false,
            "is_active": true,
            "date_joined": "2024-07-17T12:19:47.306Z",
            "groups": [],
            "user_permissions": []
        }
    },
    {
        "model": "auth_.user",
        "pk": 11,
        "fields": {
            "password": "qwertyuiop2014",
            "last_login": null,
            "is_superuser": false,
            "username": "test9",
            "first_name": "",
            "last_name": "",
            "email": "test9@mail.ru",
            "is_staff": false,
            "is_active": true,
            "date_joined": "2024-07-17T12:19:47.820Z",
            "groups": [],
            "user_permissions": []
        }
    },
    {
        "model": "auth_.user",
        "pk": 12,
        "fields": {
            "password": "qwertyuiop2014",
            "last_login": null,
            "is_superuser": false,
            "username": "test10",
            "first_name": "",
            "last_name": "",
            "email": "test10@mail.ru",
            "is_staff": false,
            "is_active": true,
            "date_joined": "2024-07-17T12:19:48.358Z",
            "groups": [],
            "user_permissions": []
        }
    },
    {
        "model": "auth_.user",
        "pk": 13,
        "fields": {
            "password": "qwertyuiop2014",
            "last_login": null,
            "is_superuser": false,
            "username": "test11",
            "first_name": "",
            "last_name": "",
            "email": "test11@mail.ru",
            "is_staff": false,
            "is_active": true,
            "date_joined": "2024-07-17T12:19:48.903Z",
            "groups": [],
            "user_permissions": []
        }
    },
    {
        "model": "auth_.user",
        "pk": 14,
        "fields": {
            "password": "qwertyuiop2014",
            "last_login": null,
            "is_superuser": false,
            "username": "test12",
            "first_name": "",
            "last_name": "",
            "email": "test12@mail.ru",
            "is_staff": false,
            "is_active": true,
            "date_joined": "2024-07-17T12:19:49.466Z",
            "groups": [],
            "user_permissions": []
        }
    },
    {
        "model": "auth_.user",
        "pk": 15,
        "fields": {
            "password": "qwertyuiop2014",
            "last_login": null,
            "is_superuser": false,
            "username": "test13",
            "first_name": "",
            "last_name": "",
            "email": "test13@mail.ru",
            "is_staff": false,
            "is_active": true,
            "date_joined": "2024-07-17T12:19:49.989Z",
            "groups": [],
            "user_permissions": []
        }
    },
    {
        "model": "auth_.user",
        "pk": 16,
        "fields": {
            "password": "qwertyuiop2014",
            "last_login": null,
            "is_superuser": false,
            "username": "test14",
            "first_name": "",
            "last_name": "",
            "email": "test14@mail.ru",
            "is_staff": false,
            "is_active": true,
            "date_joined": "2024-07-17T12:19:50.561Z",
            "groups": [],
            "user_permissions": []
        }
    },
    {
        "model": "auth_.user",
        "pk": 17,
        "fields": {
            "password": "qwertyuiop2014",
            "last_login": null,
            "is_superuser": false,
            "username": "test15",
            "first_name": "",
            "last_name": "",
            "email": "test15@mail.ru",
            "is_staff": false,
            "is_active": true,
            "date_joined": "2024-07-17T12:19:51.130Z",
            "groups": [],
            "user_permissions": []
        }
    },
    {
        "model": "auth_.user",
        "pk": 18,
        "fields": {
            "password": "qwertyuiop2014",
            "last_login": null,
            "is_superuser": false,
            "username": "test16",
            "first_name": "",
            "last_name": "",
            "email": "test16@mail.ru",
            "is_staff": false,
            "is_active": true,
            "date_joined": "2024-07-17T12:19:51.669Z",
            "groups": [],
            "user_permissions": []
        }
    },
    {
        "model": "auth_.user",
        "pk": 19,
        "fields": {
            "password": "qwertyuiop2014",
            "last_login": null,
            "is_superuser": false,
            "username": "test17",
            "first_name": "",
            "last_name": "",
            "email": "test17@mail.ru",
            "is_staff": false,
            "is_active": true,
            "date_joined": "2024-07-17T12:19:52.215Z",
            "groups": [],
            "user_permissions": []
        }
    },
    {
        "model": "auth_.user",
        "pk": 20,
        "fields": {
            "password": "qwertyuiop2014",
            "last_login": null,
            "is_superuser": false,
            "username": "test18",
            "first_name": "",
            "last_name": "",
            "email": "test18@mail.ru",
            "is_staff": false,
            "is_active": true,
            "date_joined": "2024-07-17T12:19:52.757Z",
            "groups": [],
            "user_permissions": []
        }
    },
    {
        "model": "auth_.user",
        "pk": 21,
        "fields": {
            "password": "qwertyuiop2014",
            "last_login": null,
            "is_superuser": false,
            "username": "test19",
            "first_name": "",
            "last_name": "",
            "email": "test19@mail.ru",
            "is_staff": false,
            "is_active": true,
            "date_joined": "2024-07-17T12:19:53.287Z",
            "groups": [],
            "user_permissions": []
        }
    },
    {
        "model": "auth_.user",
        "pk": 22,
        "fields": {
            "password": "qwertyuiop2014",
            "last_login": null,
            "is_superuser": false,
            "username": "test20",
            "first_name": "",
            "last_name": "",
            "email": "test20@mail.ru",
            "is_staff": false,
            "is_active": true,
            "date_joined": "2024-07-17T12:19:53.822Z",
            "groups": [],
            "user_permissions": []
        }
    },
    {
        "model": "auth_.user",
        "pk": 23,
        "fields": {
            "password": "qwertyuiop2014",
            "last_login": null,
            "is_superuser": false,
            "username": "test21",
            "first_name": "",
            "last_name": "",
            "email": "test21@mail.ru",
            "is_staff": false,
            "is_active": true,
            "date_joined": "2024-07-17T12:19:54.387Z",
            "groups": [],
            "user_permissions": []
        }
    },
    {
        "model": "auth_.user",
        "pk": 24,
        "fields": {
            "password": "qwertyuiop2014",
            "last_login": null,
            "is_superuser": false,
            "username": "test22",
            "first_name": "",
            "last_name": "",
            "email": "test22@mail.ru",
            "is_staff": false,
            "is_active": true,
            "date_joined": "2024-07-17T12:19:54.946Z",
            "groups": [],
            "user_permissions": []
        }
    },
    {
        "model": "auth_.user",
        "pk": 25,
        "fields": {
            "password": "qwertyuiop2014",
            "last_login": null,
            "is_superuser": false,
            "username": "test23",
            "first_name": "",
            "last_name": "",
            "email": "test23@mail.ru",
            "is_staff": false,
            "is_active": true,
            "date_joined": "2024-07-17T12:19:55.508Z",
            "groups": [],
            "user_permissions": []
        }
    },
    {
        "model": "auth_.user",
        "pk": 26,
        "fields": {
            "password": "qwertyuiop2014",
            "last_login": null,
            "is_superuser": false,
            "username": "test24",
            "first_name": "",
            "last_name": "",
            "email": "test24@mail.ru",
            "is_staff": false,
            "is_active": true,
            "date_joined": "2024-07-17T12:19:56.065Z",
            "groups": [],
            "user_permissions": []
        }
    },
    {
        "model": "auth_.user",
        "pk": 27,
        "fields": {
            "password": "qwertyuiop2014",
            "last_login": null,
            "is_superuser": false,
            "username": "test25",
            "first_name": "",
            "last_name": "",
            "email": "test25@mail.ru",
            "is_staff": false,
            "is_active": true,
            "date_joined": "2024-07-17T12:19:56.630Z",
            "groups": [],
            "user_permissions": []
        }
    },
    {
        "model": "auth_.user",
        "pk": 102,
        "fields": {
            "password": "pbkdf2_sha256$720000$HFNZmUb3KIsEHfD0HpGQ3B$nNwQXK2J0eBuUDiCg2hviYLkHguQuGw7Bs/oB2/xPmg=",
            "last_login": null,
            "is_superuser": false,
            "username": "asd",
            "first_name": "",
            "last_name": "",
            "email": "email@example.com",
            "is_staff": false,
            "is_active": true,
            "date_joined": "2024-07-17T12:20:39.184Z",
            "groups": [],
            "user_permissions": []
        }
    }
]